{
    "total_runtime": 69.50206446647644,
    "num_documents": 1,
    "input_load_time": 0,
    "workflows": {
        "create_base_text_units": {
            "overall": 1.4198665618896484,
            "0_create_base_text_units": 1.4165294170379639
        },
        "create_final_documents": {
            "overall": 0.027306079864501953,
            "0_create_final_documents": 0.022621870040893555
        },
        "create_base_entity_graph": {
            "overall": 46.443153858184814,
            "0_create_base_entity_graph": 46.435983419418335
        },
        "create_final_entities": {
            "overall": 0.022760629653930664,
            "0_create_final_entities": 0.0171358585357666
        },
        "create_final_nodes": {
            "overall": 0.04823875427246094,
            "0_create_final_nodes": 0.042052268981933594
        },
        "create_final_communities": {
            "overall": 0.058644771575927734,
            "0_create_final_communities": 0.05142402648925781
        },
        "create_final_relationships": {
            "overall": 0.03308701515197754,
            "0_create_final_relationships": 0.024904251098632812
        },
        "create_final_text_units": {
            "overall": 0.04482865333557129,
            "0_create_final_text_units": 0.03560662269592285
        },
        "create_final_community_reports": {
            "overall": 16.129415035247803,
            "0_create_final_community_reports": 16.11924409866333
        },
        "generate_text_embeddings": {
            "overall": 3.1638755798339844,
            "0_generate_text_embeddings": 3.1526148319244385
        }
    }
}